{"x1": [3.7322515201678232, 5.657156269399951, 8.574828594341925, 12.99728731554784, 19.700624415322817, 29.86120048983886, 45.26208286072445, 68.60595392299116, 103.98940164037008, 157.62182485882312, 238.91511327035565, 362.1353286584012, 548.9062389876034, 832.0040475358527, 1261.109249537379, 1911.525002767727, 2897.391988478836, 4391.718822796595, 6656.7431314780115, 10089.951316660614, 15293.832969333269, 23181.611045798163, 35137.50227011264, 53259.63166852281, 80728.23001649363, 122363.72872716597, 185472.69158454647, 281130.03486775205, 426122.551139645], "x2": [3.7322515201678232, 5.657156269399951, 8.574828594341925, 12.99728731554784, 19.700624415322817, 29.86120048983886, 45.26208286072445, 68.60595392299116, 103.98940164037008, 157.62182485882312, 238.91511327035565, 362.1353286584012, 548.9062389876034, 832.0040475358527, 1261.109249537379, 1911.525002767727, 2897.391988478836, 4391.718822796595, 6656.7431314780115, 10089.951316660614, 15293.832969333269, 23181.611045798163, 35137.50227011264, 53259.63166852281, 80728.23001649363, 122363.72872716597, 185472.69158454647, 281130.03486775205, 426122.551139645], "y1": [1.0, 0.7288888888888891, 0.5121428571428571, 0.5594738594738594, 0.6557760401157897, 0.6662626638421578, 0.687099463222574, 0.6957894839709251, 0.6578604730518002, 0.5800580084967278, 0.526704376537561, 0.46938650657832104, 0.42543463087748173, 0.4006889488097609, 0.37125894477512045, 0.3477207790263095, 0.33581204179029, 0.33806826749645846, 0.32354559536935923, 0.3061845716377103, 0.2950299487191255, 0.28397413448933007, 0.26432896870571054, 0.2528527971206303, 0.24726628673943724, 0.25142202702529093, 0.27413596565207576, 0.3068234191835115, 0.3512588539384664], "y2": [1.0, 0.906666666666667, 0.5999206349206346, 0.5687053687053686, 0.6694672121674408, 0.6913076074916039, 0.7197282022175449, 0.7129940946777285, 0.6847905002012346, 0.6446999029739333, 0.5844702349052551, 0.5353042964796064, 0.5192570672952506, 0.527957419931637, 0.5190688842072009, 0.5131645354090315, 0.49179843416629193, 0.4850590259235425, 0.4771714081565428, 0.4754423428086766, 0.47247649844747824, 0.4675178242178736, 0.45949646538030964, 0.45102361210648023, 0.44591474190821895, 0.4431932565374304, 0.4377789262628816, 0.42251692475404923, 0.3940335453494298]}